{
  "ARCHIVE": {
    "count": 1,
    "size_mb": 66.80995655059814
  },
  "DOCS": {
    "count": 1288,
    "size_mb": 4.332792282104492
  },
  "CONFIG": {
    "count": 267,
    "size_mb": 18.23875904083252
  },
  "MISC": {
    "count": 2242,
    "size_mb": 293.79629707336426
  },
  "SOURCE": {
    "count": 583,
    "size_mb": 2.5194034576416016
  },
  "BUILD": {
    "count": 10098,
    "size_mb": 2122.9782428741455
  },
  "DATA": {
    "count": 4961,
    "size_mb": 4038.5512952804565
  },
  "MODELS": {
    "count": 5,
    "size_mb": 1200.3069095611572
  }
}