{
  "brain": "scalp",
  "target": "label_12b",
  "horizon": "1hr (12 bars M5)",
  "dataset": "data/hydra_xauusd_m5_master_clean.parquet",
  "n_features": 1115,
  "train_samples": 464388,
  "val_samples": 99512,
  "oos_samples": 99512,
  "train_time_s": 47.012341022491455,
  "best_round": 31,
  "val_metrics": {
    "accuracy": 0.5266400032156926,
    "f1": 0.5158936517887424,
    "precision": 0.5393690634804659,
    "recall": 0.4943764895901042,
    "auc_roc": 0.5382687850907006,
    "log_loss": 0.6913111661045503
  },
  "oos_metrics": {
    "accuracy": 0.5285593697242543,
    "f1": 0.5042166000887706,
    "precision": 0.5483507642799679,
    "recall": 0.46665753799808296,
    "auc_roc": 0.5407855685415,
    "log_loss": 0.6914929305984209
  },
  "top_features": [
    [
      "f615",
      133.67410278320312
    ],
    [
      "f229",
      99.37920379638672
    ],
    [
      "f605",
      95.60285949707031
    ],
    [
      "f219",
      91.76421356201172
    ],
    [
      "f234",
      91.06180572509766
    ],
    [
      "f87",
      83.45869445800781
    ],
    [
      "f1007",
      83.21611022949219
    ],
    [
      "f1002",
      78.74395751953125
    ],
    [
      "f375",
      68.29164123535156
    ],
    [
      "f414",
      67.60797119140625
    ],
    [
      "f36",
      66.61217498779297
    ],
    [
      "f180",
      66.49162292480469
    ],
    [
      "f326",
      65.39618682861328
    ],
    [
      "f239",
      63.630672454833984
    ],
    [
      "f1001",
      63.348785400390625
    ]
  ],
  "timestamp": "2026-05-26T17:35:01.238358"
}