{
  "timestamp": "2026-05-26T23:25:16.723413",
  "total_time_s": 5016.536059141159,
  "dataset": "data/hydra_alpha_dataset.parquet",
  "n_samples": 778998,
  "n_features": 1347,
  "brain_results": {
    "scalp": {
      "oos_auc": 0.540485528450977,
      "oos_acc": 0.5526765083440308,
      "best_iter": 65,
      "top_features": [
        [
          "cos_hour",
          19731.43697166443
        ],
        [
          "reg_vol_ratio_12_288",
          15032.41404914856
        ],
        [
          "atr_20b",
          4434.384746551514
        ],
        [
          "tick_intensity_12",
          4246.856889724731
        ],
        [
          "bb_pos_20b",
          4183.508678436279
        ],
        [
          "atr_576b",
          4061.9677925109863
        ],
        [
          "cos_doy",
          3920.6435985565186
        ],
        [
          "tick_amihud_288",
          3834.0060024261475
        ],
        [
          "atr_288b",
          3430.534408569336
        ],
        [
          "reg_vol_ratio_48_576",
          3360.8970909118652
        ]
      ]
    },
    "day": {
      "oos_auc": 0.5121666817922201,
      "oos_acc": 0.5013607188703466,
      "best_iter": 53,
      "top_features": [
        [
          "cot_mm_short",
          7600.737775802612
        ],
        [
          "cot_open_interest",
          7405.484418869019
        ],
        [
          "atr_576b",
          6866.570781707764
        ],
        [
          "breakeven_10y",
          6541.066791534424
        ],
        [
          "cot_mm_long",
          6448.053405761719
        ],
        [
          "atr_288b",
          6392.313095092773
        ],
        [
          "tick_amihud_288",
          5332.683797836304
        ],
        [
          "ll_gold_dxy_divergence",
          4668.898405075073
        ],
        [
          "reg_channel_pos_288",
          4657.827116012573
        ],
        [
          "breakeven_10y_right",
          4624.127105712891
        ]
      ]
    },
    "swing": {
      "oos_auc": 0.5402154659166712,
      "oos_acc": 0.5294159178433889,
      "best_iter": 57,
      "top_features": [
        [
          "reg_channel_pos_144",
          13378.881204605103
        ],
        [
          "macro_DEXCHUS_z252",
          11296.973295211792
        ],
        [
          "reg_channel_squeeze_288",
          10737.102100372314
        ],
        [
          "ll_gold_dxy_divergence",
          9959.138076782227
        ],
        [
          "macro_DGS5_z252",
          9096.25308418274
        ],
        [
          "macro_DFII10_z252",
          8963.688697814941
        ],
        [
          "macro_DEXJPUS_z252",
          8741.190902709961
        ],
        [
          "reg_channel_pos_48",
          8698.289707183838
        ],
        [
          "reg_channel_pos_288",
          8374.35080909729
        ],
        [
          "macro_DFII20_z252",
          8342.109790802002
        ]
      ]
    }
  },
  "meta_auc": 0.5327526164783263,
  "meta_acc": 0.5220795892169448
}