{
  "random": {
    "return_pct": -10.594132913850554,
    "trades": 252,
    "breached": true
  },
  "shuffled": {
    "return_pct": -10.312390520954814,
    "trades": 414,
    "breached": true
  },
  "shifted_1": {
    "return_pct": -10.204803951045433,
    "trades": 601,
    "breached": true
  },
  "shifted_5": {
    "return_pct": -10.104251967838318,
    "trades": 390,
    "breached": true
  },
  "shifted_20": {
    "return_pct": -10.066312590448087,
    "trades": 233,
    "breached": true
  },
  "reversed": {
    "return_pct": -10.006918111971826,
    "trades": 144,
    "breached": true
  }
}