{
  "brain": "day",
  "target": "label_72b",
  "horizon": "6hr (72 bars M5)",
  "dataset": "data/hydra_xauusd_m5_master_clean.parquet",
  "n_features": 1115,
  "train_samples": 545298,
  "val_samples": 116850,
  "oos_samples": 116850,
  "train_time_s": 96.19420766830444,
  "best_round": 72,
  "val_metrics": {
    "accuracy": 0.5240393667094566,
    "f1": 0.5266965091144282,
    "precision": 0.5379306748252964,
    "recall": 0.5159219739913304,
    "auc_roc": 0.5379215506042018,
    "log_loss": 0.6914134456138665
  },
  "oos_metrics": {
    "accuracy": 0.53201540436457,
    "f1": 0.5181262226608625,
    "precision": 0.5531534582674795,
    "recall": 0.4872708588855372,
    "auc_roc": 0.5413256241015654,
    "log_loss": 0.6917921812754364
  },
  "top_features": [
    [
      "f219",
      217.91749572753906
    ],
    [
      "f229",
      153.5631866455078
    ],
    [
      "f605",
      143.995361328125
    ],
    [
      "f87",
      137.36514282226562
    ],
    [
      "f118",
      134.6552276611328
    ],
    [
      "f1002",
      123.26807403564453
    ],
    [
      "f615",
      121.9078140258789
    ],
    [
      "f234",
      104.90528869628906
    ],
    [
      "f36",
      104.3582763671875
    ],
    [
      "f1007",
      103.34317779541016
    ],
    [
      "f441",
      97.37806701660156
    ],
    [
      "f636",
      95.21893310546875
    ],
    [
      "f180",
      91.84803009033203
    ],
    [
      "f897",
      88.88728332519531
    ],
    [
      "f1074",
      88.17330932617188
    ]
  ],
  "timestamp": "2026-05-26T17:37:28.253409"
}