{
  "brain": "swing",
  "target": "label_288b",
  "horizon": "24hr (288 bars M5)",
  "dataset": "data/hydra_xauusd_m5_master_clean.parquet",
  "n_features": 1115,
  "train_samples": 547561,
  "val_samples": 117335,
  "oos_samples": 117335,
  "train_time_s": 138.55955624580383,
  "best_round": 216,
  "val_metrics": {
    "accuracy": 0.5225465547364384,
    "f1": 0.5067443826160456,
    "precision": 0.539208154546647,
    "recall": 0.4779676781769562,
    "auc_roc": 0.539090224207044,
    "log_loss": 0.6911633369899194
  },
  "oos_metrics": {
    "accuracy": 0.5302424681467592,
    "f1": 0.5170549631563729,
    "precision": 0.5525571639918351,
    "recall": 0.48583942567345056,
    "auc_roc": 0.5432220579757131,
    "log_loss": 0.690860811410685
  },
  "top_features": [
    [
      "f219",
      209.30453491210938
    ],
    [
      "f229",
      171.7079620361328
    ],
    [
      "f605",
      162.37905883789062
    ],
    [
      "f118",
      148.37472534179688
    ],
    [
      "f615",
      128.2543487548828
    ],
    [
      "f36",
      127.5420913696289
    ],
    [
      "f31",
      119.56664276123047
    ],
    [
      "f87",
      114.71171569824219
    ],
    [
      "f86",
      113.62538146972656
    ],
    [
      "f1002",
      113.16841888427734
    ],
    [
      "f234",
      111.54728698730469
    ],
    [
      "f1007",
      109.23834228515625
    ],
    [
      "f180",
      108.25276184082031
    ],
    [
      "f255",
      107.7623519897461
    ],
    [
      "f667",
      87.87638092041016
    ]
  ],
  "timestamp": "2026-05-26T17:41:04.277664"
}