{
  "timestamp": "2026-05-26T18:08:11.074558",
  "total_time_s": 1163.2183346748352,
  "dataset": "data/hydra_xauusd_m5_master_clean.parquet",
  "n_samples": 662941,
  "n_features": 1115,
  "split": {
    "train": 397764,
    "val": 132588,
    "oos": 132589
  },
  "brains": {
    "scalp": {
      "target": "label_12b",
      "val_auc": 0.5414266328564993,
      "oos_auc": 0.5360420471226186,
      "cv_auc": 0.5350757540194543,
      "best_iteration": 102,
      "train_time_s": 53.91320490837097,
      "n_features": 300
    },
    "day": {
      "target": "label_72b",
      "val_auc": 0.5420115789519165,
      "oos_auc": 0.5278466727484595,
      "cv_auc": 0.5413896732124783,
      "best_iteration": 124,
      "train_time_s": 93.80596327781677,
      "n_features": 400
    },
    "swing": {
      "target": "label_288b",
      "val_auc": 0.5442796095487299,
      "oos_auc": 0.5376539516207592,
      "cv_auc": 0.5422451580931208,
      "best_iteration": 126,
      "train_time_s": 109.56235003471375,
      "n_features": 350
    }
  },
  "meta": {
    "val_auc": 0.5369114628305289,
    "oos_auc": 0.5229026375911547
  },
  "oos_metrics": {
    "accuracy": 0.5156234680101668,
    "f1": 0.6802455551627824,
    "precision": 0.5155189978493001,
    "recall": 0.9996780613439475,
    "auc_roc": 0.5229026375911547,
    "log_loss": 0.6926763714044445
  },
  "confidence_gating": {
    "0.5": {
      "accuracy": 0.5089562482558885,
      "f1": 0.4234491919415541,
      "auc_roc": 0.5229026375911547,
      "n_trades": 132589,
      "trade_rate": 1.0,
      "precision": 0.5362084819125793,
      "recall": 0.34987415125263405
    }
  },
  "optimal_threshold": 0.4600000000000001
}