{
  "dataset": "data/hydra_xauusd_m5_master_clean.parquet",
  "features_used": 1115,
  "features_removed_labels": 6,
  "features_removed_fwd": 3,
  "features_removed_corr": 0,
  "train_samples": 623198,
  "test_samples": 155800,
  "train_time_s": 40.26724171638489,
  "best_round": 29,
  "accuracy": 0.5225802310654686,
  "f1_score": 0.5493911673835342,
  "precision": 0.5397131464619414,
  "recall": 0.5594226142742582,
  "top_features": [
    [
      "f219",
      287.15069580078125
    ],
    [
      "f229",
      192.7904815673828
    ],
    [
      "f605",
      158.26083374023438
    ],
    [
      "f1002",
      152.08566284179688
    ],
    [
      "f615",
      151.7299041748047
    ],
    [
      "f36",
      117.1748046875
    ],
    [
      "f1007",
      112.14495849609375
    ],
    [
      "f118",
      108.7971420288086
    ],
    [
      "f536",
      103.73954772949219
    ],
    [
      "f1073",
      101.0352783203125
    ],
    [
      "f180",
      100.3532485961914
    ],
    [
      "f550",
      93.32289123535156
    ],
    [
      "f300",
      92.28853607177734
    ],
    [
      "f249",
      90.41346740722656
    ],
    [
      "f306",
      90.24500274658203
    ],
    [
      "f234",
      89.47828674316406
    ],
    [
      "f170",
      86.34529876708984
    ],
    [
      "f88",
      84.70552825927734
    ],
    [
      "f1044",
      83.81390380859375
    ],
    [
      "f256",
      81.63390350341797
    ]
  ],
  "timestamp": "2026-05-26T17:21:49.634155"
}