{
  "timestamp": "2026-05-27T17:06:37.737353",
  "config": {
    "threshold": 0.65,
    "hold_bars": 16,
    "stop_loss_atr_mult": 1.5,
    "take_profit_atr_mult": 3.0,
    "cost_model": {
      "spread_points": 0.3,
      "slippage_points": 0.1,
      "commission_per_lot": 7.0
    }
  },
  "validation": {
    "ohlcv": "PASS",
    "features": "PASS"
  },
  "baseline": {
    "metrics": {
      "num_trades": 708,
      "win_rate": 0.3940677966101695,
      "avg_pnl_net": -12.422303089856028,
      "total_pnl_net": -8794.990587618044,
      "sharpe": -0.08256679083537065,
      "max_drawdown": 9511.059858661274,
      "avg_win": 116.81573677414816,
      "avg_loss": -96.47221712728533
    },
    "num_trades": 708
  },
  "cost_sensitivity": {
    "0.0x": {
      "metrics": {
        "num_trades": 708,
        "win_rate": 0.4166666666666667,
        "avg_pnl_net": -3.0223030898560275,
        "total_pnl_net": -2139.7905876180675,
        "sharpe": -0.020088212729651663,
        "max_drawdown": 5611.372629920406,
        "avg_win": 119.62712722915546,
        "avg_loss": -90.62903903200707
      },
      "num_trades": 708,
      "total_pnl_net": -2139.7905876180675,
      "sharpe": -0.020088212729651663
    },
    "0.5x": {
      "metrics": {
        "num_trades": 708,
        "win_rate": 0.4067796610169492,
        "avg_pnl_net": -7.722303089856027,
        "total_pnl_net": -5467.390587618059,
        "sharpe": -0.05132750178251115,
        "max_drawdown": 6503.05985866127,
        "avg_win": 117.78036582857911,
        "avg_loss": -93.78127606249728
      },
      "num_trades": 708,
      "total_pnl_net": -5467.390587618059,
      "sharpe": -0.05132750178251115
    },
    "1.0x": {
      "metrics": {
        "num_trades": 708,
        "win_rate": 0.3940677966101695,
        "avg_pnl_net": -12.422303089856028,
        "total_pnl_net": -8794.990587618044,
        "sharpe": -0.08256679083537065,
        "max_drawdown": 9511.059858661274,
        "avg_win": 116.81573677414816,
        "avg_loss": -96.47221712728533
      },
      "num_trades": 708,
      "total_pnl_net": -8794.990587618044,
      "sharpe": -0.08256679083537065
    },
    "2.0x": {
      "metrics": {
        "num_trades": 708,
        "win_rate": 0.3573446327683616,
        "avg_pnl_net": -21.822303089856028,
        "total_pnl_net": -15450.190587617968,
        "sharpe": -0.1450453689410896,
        "max_drawdown": 15653.349873332296,
        "avg_win": 118.87956510018083,
        "avg_loss": -100.05872650101936
      },
      "num_trades": 708,
      "total_pnl_net": -15450.190587617968,
      "sharpe": -0.1450453689410896
    },
    "3.0x": {
      "metrics": {
        "num_trades": 708,
        "win_rate": 0.3347457627118644,
        "avg_pnl_net": -31.222303089856023,
        "total_pnl_net": -22105.39058761815,
        "sharpe": -0.20752394704680857,
        "max_drawdown": 22299.149873332433,
        "avg_win": 117.15928623180804,
        "avg_loss": -105.88565058292265
      },
      "num_trades": 708,
      "total_pnl_net": -22105.39058761815,
      "sharpe": -0.20752394704680857
    },
    "summary": {
      "degradation": [
        {
          "multiplier": 0.0,
          "sharpe_ratio": 0.24329651820555084,
          "pnl_ratio": 0.2432965182055515,
          "sharpe": -0.020088212729651663,
          "pnl": -2139.7905876180675
        },
        {
          "multiplier": 0.5,
          "sharpe_ratio": 0.6216482591027753,
          "pnl_ratio": 0.6216482591027761,
          "sharpe": -0.05132750178251115,
          "pnl": -5467.390587618059
        },
        {
          "multiplier": 1.0,
          "sharpe_ratio": 1.0,
          "pnl_ratio": 1.0,
          "sharpe": -0.08256679083537065,
          "pnl": -8794.990587618044
        },
        {
          "multiplier": 2.0,
          "sharpe_ratio": 1.7567034817944487,
          "pnl_ratio": 1.7567034817944427,
          "sharpe": -0.1450453689410896,
          "pnl": -15450.190587617968
        },
        {
          "multiplier": 3.0,
          "sharpe_ratio": 2.513406963588898,
          "pnl_ratio": 2.5134069635889142,
          "sharpe": -0.20752394704680857,
          "pnl": -22105.39058761815
        }
      ],
      "robust_to_2x_costs": false,
      "robust_to_3x_costs": false
    }
  },
  "null_tests": {
    "original": {
      "metrics": {
        "num_trades": 708,
        "win_rate": 0.3940677966101695,
        "avg_pnl_net": -12.422303089856028,
        "total_pnl_net": -8794.990587618044,
        "sharpe": -0.08256679083537065,
        "max_drawdown": 9511.059858661274,
        "avg_win": 116.81573677414816,
        "avg_loss": -96.47221712728533
      },
      "num_trades": 708
    },
    "random": {
      "metrics": {
        "num_trades": 3844,
        "win_rate": 0.3394901144640999,
        "avg_pnl_net": -12.305081089180948,
        "total_pnl_net": -47300.73170681227,
        "sharpe": -0.1450911859286489,
        "max_drawdown": 47402.16580380878,
        "avg_win": 70.60079096080888,
        "avg_loss": -54.917197286595965
      },
      "num_trades": 3844
    },
    "shuffled": {
      "metrics": {
        "num_trades": 3874,
        "win_rate": 0.36344863190500776,
        "avg_pnl_net": -8.607702294919354,
        "total_pnl_net": -33346.23869051814,
        "sharpe": -0.09256933902798266,
        "max_drawdown": 34006.819892977954,
        "avg_win": 72.3641513693823,
        "avg_loss": -54.83980690130083
      },
      "num_trades": 3874
    },
    "shifted_1": {
      "metrics": {
        "num_trades": 717,
        "win_rate": 0.4100418410041841,
        "avg_pnl_net": -10.805364423895032,
        "total_pnl_net": -7747.446291932699,
        "sharpe": -0.07604383471000307,
        "max_drawdown": 7948.91465516829,
        "avg_win": 109.81856987197935,
        "avg_loss": -94.6432762040063
      },
      "num_trades": 717
    },
    "shifted_5": {
      "metrics": {
        "num_trades": 736,
        "win_rate": 0.39266304347826086,
        "avg_pnl_net": -12.025554929886495,
        "total_pnl_net": -8850.808428396407,
        "sharpe": -0.07479455940350016,
        "max_drawdown": 8952.345688674126,
        "avg_win": 117.78483806318526,
        "avg_loss": -95.95218485158165
      },
      "num_trades": 736
    },
    "shifted_20": {
      "metrics": {
        "num_trades": 761,
        "win_rate": 0.3692509855453351,
        "avg_pnl_net": -14.183696015000258,
        "total_pnl_net": -10793.792667415062,
        "sharpe": -0.10195654160663488,
        "max_drawdown": 10837.207684836703,
        "avg_win": 109.21303591358017,
        "avg_loss": -86.42219949819007
      },
      "num_trades": 761
    },
    "reversed": {
      "metrics": {
        "num_trades": 684,
        "win_rate": 0.36988304093567254,
        "avg_pnl_net": -8.000600804117468,
        "total_pnl_net": -5472.41095001626,
        "sharpe": -0.053282785926522504,
        "max_drawdown": 8219.2531641293,
        "avg_win": 125.97773837472982,
        "avg_loss": -86.64681846594664
      },
      "num_trades": 684
    },
    "summary": {
      "original_sharpe": -0.08256679083537065,
      "null_sharpes": [
        -0.1450911859286489,
        -0.09256933902798266,
        -0.07604383471000307,
        -0.07479455940350016,
        -0.10195654160663488,
        -0.053282785926522504
      ],
      "better_than_null": 3,
      "worse_than_null": 3,
      "verdict": "FAIL"
    }
  },
  "stability": {
    "monthly_pf": {
      "2024-04": 0.6022997863726552,
      "2024-05": 0.4011292499569746,
      "2024-06": 0.356719048353567,
      "2024-07": 0.7688381137682079,
      "2024-08": 1.0655139316852422,
      "2024-09": 1.2921086185637696,
      "2024-10": 0.8133460918374953,
      "2024-11": 0.5462191897720494,
      "2024-12": 1.0738816563621794,
      "2025-01": 0.7895881494942276,
      "2025-02": 0.6692893327158477,
      "2025-03": 19.369845040012883,
      "2025-04": 0.9657223597123491,
      "2025-05": 0.7005796414289003,