{
  "timestamp": "2026-05-27T16:53:13.760383",
  "config": {
    "threshold": 0.65,
    "hold_bars": 16,
    "stop_loss_atr_mult": 1.5,
    "take_profit_atr_mult": 3.0,
    "cost_model": {
      "spread_points": 0.3,
      "slippage_points": 0.1,
      "commission_per_lot": 7.0
    }
  },
  "validation": {
    "ohlcv": "PASS",
    "features": "PASS"
  },
  "baseline": {
    "metrics": {
      "num_trades": 1772,
      "win_rate": 0.33803611738148986,
      "avg_pnl_net": -9.057619810727303,
      "total_pnl_net": -16050.102304608588,
      "sharpe": -0.25138332785056383,
      "max_drawdown": 16262.697720299455,
      "avg_win": 28.743727720764376,
      "avg_loss": -28.361121235589632
    },
    "num_trades": 1772
  },
  "cost_sensitivity": {
    "0.0x": {
      "metrics": {
        "num_trades": 1772,
        "win_rate": 0.42155756207674944,
        "avg_pnl_net": 0.34238018927269975,
        "total_pnl_net": 606.697695391224,
        "sharpe": 0.009502349752806203,
        "max_drawdown": 1171.677130578039,
        "avg_win": 31.514934318208283,
        "avg_loss": -22.37556901493694
      },
      "num_trades": 1772,
      "total_pnl_net": 606.697695391224,
      "sharpe": 0.009502349752806203
    },
    "0.5x": {
      "metrics": {
        "num_trades": 1772,
        "win_rate": 0.3792325056433409,
        "avg_pnl_net": -4.3576198107273,
        "total_pnl_net": -7721.702304608751,
        "sharpe": -0.12094048904887875,
        "max_drawdown": 7953.097720299593,
        "avg_win": 30.057419515162263,
        "avg_loss": -25.3820801989071
      },
      "num_trades": 1772,
      "total_pnl_net": -7721.702304608751,
      "sharpe": -0.12094048904887875
    },
    "1.0x": {
      "metrics": {
        "num_trades": 1772,
        "win_rate": 0.33803611738148986,
        "avg_pnl_net": -9.057619810727303,
        "total_pnl_net": -16050.102304608588,
        "sharpe": -0.25138332785056383,
        "max_drawdown": 16262.697720299455,
        "avg_win": 28.743727720764376,
        "avg_loss": -28.361121235589632
      },
      "num_trades": 1772,
      "total_pnl_net": -16050.102304608588,
      "sharpe": -0.25138332785056383
    },
    "2.0x": {
      "metrics": {
        "num_trades": 1772,
        "win_rate": 0.25,
        "avg_pnl_net": -18.4576198107273,
        "total_pnl_net": -32706.90230460872,
        "sharpe": -0.5122690054539336,
        "max_drawdown": 32881.89772029959,
        "avg_win": 27.79438023105106,
        "avg_loss": -33.874953157986766
      },
      "num_trades": 1772,
      "total_pnl_net": -32706.90230460872,
      "sharpe": -0.5122690054539336
    },
    "3.0x": {
      "metrics": {
        "num_trades": 1772,
        "win_rate": 0.16422121896162528,
        "avg_pnl_net": -27.857619810727297,
        "total_pnl_net": -49363.70230460879,
        "sharpe": -0.7731546830573034,
        "max_drawdown": 49501.09772029966,
        "avg_win": 30.70017688847472,
        "avg_loss": -39.36357446262992
      },
      "num_trades": 1772,
      "total_pnl_net": -49363.70230460879,
      "sharpe": -0.7731546830573034
    },
    "summary": {
      "degradation": [
        {
          "multiplier": 0.0,
          "sharpe_ratio": -0.037800238520411845,
          "pnl_ratio": -0.03780023852041231,
          "sharpe": 0.009502349752806203,
          "pnl": 606.697695391224
        },
        {
          "multiplier": 0.5,
          "sharpe_ratio": 0.4810998807397938,
          "pnl_ratio": 0.4810998807397981,
          "sharpe": -0.12094048904887875,
          "pnl": -7721.702304608751
        },
        {
          "multiplier": 1.0,
          "sharpe_ratio": 1.0,
          "pnl_ratio": 1.0,
          "sharpe": -0.25138332785056383,
          "pnl": -16050.102304608588
        },
        {
          "multiplier": 2.0,
          "sharpe_ratio": 2.037800238520411,
          "pnl_ratio": 2.037800238520432,
          "sharpe": -0.5122690054539336,
          "pnl": -32706.90230460872
        },
        {
          "multiplier": 3.0,
          "sharpe_ratio": 3.0756004770408216,
          "pnl_ratio": 3.0756004770408607,
          "sharpe": -0.7731546830573034,
          "pnl": -49363.70230460879
        }
      ],
      "robust_to_2x_costs": false,
      "robust_to_3x_costs": false
    }
  },
  "null_tests": {
    "original": {
      "metrics": {
        "num_trades": 1772,
        "win_rate": 0.33803611738148986,
        "avg_pnl_net": -9.057619810727303,
        "total_pnl_net": -16050.102304608588,
        "sharpe": -0.25138332785056383,
        "max_drawdown": 16262.697720299455,
        "avg_win": 28.743727720764376,
        "avg_loss": -28.361121235589632
      },
      "num_trades": 1772
    },
    "random": {
      "metrics": {
        "num_trades": 10727,
        "win_rate": 0.25207420527640534,
        "avg_pnl_net": -11.026234960466219,
        "total_pnl_net": -118278.42242091967,
        "sharpe": -0.5074592485812042,
        "max_drawdown": 118278.42242091971,
        "avg_win": 17.82847702827473,
        "avg_loss": -20.751168428938797
      },
      "num_trades": 10727
    },
    "shuffled": {
      "metrics": {
        "num_trades": 10681,
        "win_rate": 0.25222357457166933,
        "avg_pnl_net": -11.129443590707993,
        "total_pnl_net": -118873.58699235042,
        "sharpe": -0.5255072868740923,
        "max_drawdown": 118873.58699235045,
        "avg_win": 17.341122365015956,
        "avg_loss": -20.732511661913737
      },
      "num_trades": 10681
    },
    "shifted_1": {
      "metrics": {
        "num_trades": 1786,
        "win_rate": 0.3281075027995521,
        "avg_pnl_net": -9.848693164664194,
        "total_pnl_net": -17589.765992090073,
        "sharpe": -0.2757927067683542,
        "max_drawdown": 17723.711273581288,
        "avg_win": 27.829845722129072,
        "avg_loss": -28.24837965438157
      },
      "num_trades": 1786
    },
    "shifted_5": {
      "metrics": {
        "num_trades": 1784,
        "win_rate": 0.3155829596412556,
        "avg_pnl_net": -8.809580822564298,
        "total_pnl_net": -15716.292187454528,
        "sharpe": -0.24914285615153045,
        "max_drawdown": 15854.794857039798,
        "avg_win": 29.347153448639585,
        "avg_loss": -26.403554118786893
      },
      "num_trades": 1784
    },
    "shifted_20": {
      "metrics": {
        "num_trades": 1826,
        "win_rate": 0.3187294633077766,
        "avg_pnl_net": -9.040704274981055,
        "total_pnl_net": -16508.326006115225,
        "sharpe": -0.2938758805805325,
        "max_drawdown": 16508.326006115254,
        "avg_win": 24.204635889758382,
        "avg_loss": -24.59439235848455
      },
      "num_trades": 1826
    },
    "reversed": {
      "metrics": {
        "num_trades": 1701,
        "win_rate": 0.33803644914756026,
        "avg_pnl_net": -8.160788128870474,
        "total_pnl_net": -13881.500607208503,
        "sharpe": -0.2192524897835493,
        "max_drawdown": 14009.021435846249,
        "avg_win": 30.949597380492957,
        "avg_loss": -28.132787833918407
      },
      "num_trades": 1701
    },
    "summary": {
      "original_sharpe": -0.25138332785056383,
      "null_sharpes": [
        -0.5074592485812042,
        -0.5255072868740923,
        -0.2757927067683542,
        -0.24914285615153045,
        -0.2938758805805325,
        -0.2192524897835493
      ],
      "better_than_null": 4,
      "worse_than_null": 2,
      "verdict": "FAIL"
    }
  },
  "stability": {
    "monthly_pf": {
      "2015-01": 1.358672865401292,
      "2015-02": 0.2721348587628693,
      "2015-03": 0.08950660746372756,
      "2015-04": 0.5938119331430489,
      "2015-05": 0.13776352059617436,
      "2015-06": 0.3469810732140965,
      "2015-07": 0.35993320964531983,
      "2015-08": 0.8017951996829974,
      "2015-09": 0.12979916794161708,
      "2015-10": 0.16765787596108805,
      "2015-11": 0.29930954136246857,
      "2015-12": 0.29672333105987403,
      "2016-01": 0.642309354166236,