{
  "timestamp": "2026-05-26T21:02:11.561808",
  "total_time_s": 393.92271876335144,
  "n_samples": 778998,
  "n_features": 1248,
  "n_micro_features": 38,
  "n_lead_features": 81,
  "n_regime_features": 14,
  "gate_auc": 0.9289573748112014,
  "meta_auc": 0.5247286131348012,
  "brain_aucs": {
    "scalp": 0.5229847060166184,
    "day": 0.5389344986533471,
    "swing": 0.5389344986533471
  },
  "gate_results": {
    "0.3": {
      "n_trades": 131374,
      "trade_rate": 0.8432220795892169,
      "accuracy": 0.5072769345532602,
      "auc_roc": 0.5238698513126219,
      "f1": 0.289661680950761,
      "precision": 0.5691737105399345,
      "recall": 0.19426250018398858
    },
    "0.4": {
      "n_trades": 124984,
      "trade_rate": 0.8022079589216945,
      "accuracy": 0.508473084554823,
      "auc_roc": 0.5239944820403579,
      "f1": 0.2951617159444234,
      "precision": 0.5686057819821413,
      "recall": 0.1993120225607016
    },
    "0.5": {
      "n_trades": 118957,
      "trade_rate": 0.7635237483953787,
      "accuracy": 0.5099910051531226,
      "auc_roc": 0.5230150763290999,
      "f1": 0.3009953231802374,
      "precision": 0.5678219165686363,
      "recall": 0.20477091763477354
    },
    "0.6": {
      "n_trades": 112555,
      "trade_rate": 0.7224326059050065,
      "accuracy": 0.5112345075740748,
      "auc_roc": 0.5225919790158546,
      "f1": 0.3017502887532207,
      "precision": 0.564783579607545,
      "recall": 0.20587114651887772
    },
    "0.7": {
      "n_trades": 105577,
      "trade_rate": 0.6776444159178434,
      "accuracy": 0.5117781334949847,
      "auc_roc": 0.5213867596630806,
      "f1": 0.30058211324748635,
      "precision": 0.5631482611348383,
      "recall": 0.20500101797182993
    }
  },
  "conf_results": {},
  "combined_results": {}
}